<?xml version="1.0" encoding="utf-8" ?><!DOCTYPE metadata SYSTEM "http://www.fgdc.gov/metadata/fgdc-std-001-1998.dtd"><metadata>  <idinfo>    <citation>      <citeinfo>        <origin>University of Minnesota. Minnesota Population Center</origin>        <pubdate>2006</pubdate>        <title>Historic County Boundaries and Total Population, United States, 1900</title>        <geoform>vector digital data</geoform>        <pubinfo>          <pubplace>Minneapolis, Minnesota</pubplace>          <publish>Minnesota Population Center</publish>        </pubinfo>        <onlink>http://hgl.harvard.edu:8080/HGL/hgl.jsp?command=VColl&amp;VCollName=NHGIS_POP1900</onlink>      </citeinfo>    </citation>    <descript>      <abstract>This boundary file contains historic county boundaries for which the U.S. Census Bureau tabulated data and was produced by the Minnesota Population Center as part of the National Historical Geographic Information System (NHGIS) project. The NHGIS county boundaries shapefile was joined with NHGIS total population tabular data from the same year by the Harvard University Center for Geographic Analysis. The county boundary shapefiles and its respective population data were joined for each decade, 1790-2000.The NHGIS is an National Science Foundation-sponsored project (Grant No. BCS0094908) to create a digital spatial-temporal database of all available historical US aggregate census materials.  The available shapefiles on the NHGIS site represent version 1.0 of historical US county boundary files for the 1790 to 2000 censuses. These electronic county boundary files were created by referencing a wide variety of sources and considerable care was taken during their production. U.S. Census Bureau TIGER/Line Census 2000 files provided the 1990 and 2000 county boundaries and the roads, hydrography, and public land survey lines required to construct historic county boundaries.  Locations of historic county boundaries were derived from William Thorndale and William Dollarhide's Map Guide to the U.S. Federal Censuses (1987), various volumes of John H. Long's Atlas of Historical County Boundaries, the Atlas of Historical County Boundaries website (http://www.newberry.org/ahcbp/), and other state-specific sources.  TIGER/Line spatial features that corresponded to boundaries in these sources were used to construct the proper historic boundaries.   When a TIGER/Line feature was not available, we digitized the historic boundary from one of the map sources.  Aggregate data from Michael Haines' Historical Demographic, Economic and Social Data: The United States, 1790-1970 (2001) and Richard Forstall's Population of States and Counties of the United States: 1790 to 1990 (1996) were used to determine whether a county was enumerated during a given census. If a county was not enumerated, notes from those sources were used to attach the county in question to the county with which it was enumerated. If a county was not enumerated and the notes provide no details, the county was considered 'unattached' and it was merged with other unattached land within the state or territory.</abstract>      <purpose>These data are based upon work supported by the National Science Foundation under Grant No. BCS0094908 - in infrastructure grant provided for the social sciences. Its purpose is twofold. First, the NHGIS created and freely distributes a database incorporating all available aggregate census information for the United States between 1790 and 2000. The database contains information for a wide variety of statistical (blocks, block groups, census tracts, metropolitan statistical areas) and administrative units (places, minor civil divisions, counties, states).  Second, the NHGIS produced and freely distributes boundary files for small areas (census tracts and counties) in the United States. Boundary files for tracts are available for the 1910-2000 censuses, and boundary files for counties are available for the 1790-2000 censuses. The boundaries contained in this file do not necessarily represent legal county boundaries. Instead, they represent the county boundaries over which the U.S. Census Bureau tabulated and published data.</purpose>      <supplinf>Counties are the primary legal subdivisions of most states and territories. Louisiana uses the term parish when referring to counties.  Alaska has no counties; instead, the equivalents to counties are census areas, boroughs, city and boroughs, and municipalities.  The U.S. Census Bureau and the state of Alaska jointly delineate the state's county equivalents.  The District of Columbia has to legal subdivisions; thus, the Census Bureau treats the entire entity as a county.  Four states (Maryland, Missouri, Nevada, and Virginia) have independent cities.  These cities are independent of any county and thus serve as county equivalents in their respective states.    The NHGIS assigned a four-digit code to every county and county equivalent within a state or territory.  The codes are assigned in alphabetical order, except for independent cities, which are assigned codes higher than counties. FIPS codes were used to uniquely identify a county within a state or territory, except for historical counties that were never assigned FIPS codes. For those historical counties, the NHGIS assigned a new code based on the alphabetical order of all counties a state or territory ever contained.</supplinf>    </descript>    <timeperd>      <timeinfo>        <sngdate>          <caldate>1900</caldate>        </sngdate>      </timeinfo>      <current>publication date</current>    </timeperd>    <status>      <progress>In work</progress>      <update>As work is completed</update>    </status>    <spdom>      <bounding>        <westbc>-180.000000</westbc>        <eastbc>180.000000</eastbc>        <northbc>85.245258</northbc>        <southbc>4.502628</southbc>      </bounding>    </spdom>    <keywords>      <theme>        <themekt>LCSH</themekt>        <themekey>Boundaries</themekey>        <themekey>Counties</themekey>        <themekey>Census</themekey>        <themekey>Population</themekey>      </theme>      <theme>        <themekt>ISO 19115 Topic Category</themekt>        <themekey>boundaries</themekey>        <themekey>society</themekey>      </theme>      <theme>        <themekt>None</themekt>        <themekey>historical</themekey>        <themekey>census of population and housing</themekey>        <themekey>counties</themekey>        <themekey>county equivalents</themekey>        <themekey>census boundaries</themekey>        <themekey>census geography</themekey>        <themekey>census data</themekey>        <themekey>population</themekey>        <themekey>housing</themekey>        <themekey>county</themekey>        <themekey>borough</themekey>        <themekey>independent city</themekey>        <themekey>census area</themekey>        <themekey>parish</themekey>      </theme>      <place>        <placekt>GNS</placekt>        <placekey>United States</placekey>      </place>    </keywords>    <accconst>All persons are granted a limited license to use and distribute this documentation and the available data, subject to the use constraints listed below.</accconst>    <useconst>This dataset was produced with an intended application at the state/territory, regional or national level. Appropriate uses include thematic mapping of census data and spatial analysis of census data.  These unaltered data may be redistributed by a third party.   If these data are altered or incorporated into another dataset, they are not to be redistributed without also: altering the name of the dataset, including a Content Standars for Digital Geospatial Metadata (FGDC-STD-001-1998) compliant metadata file that describes the dataset and reflects the alteration steps that makes the new dataset different from this one, and citing this dataset in the metadata as a source for the altered dataset using the source citation specified below.  If these digital data are used in the production of a report or in the compilation of a standalone printed map, then this dataset is to be cited in the report or on the map using the source citation specified below.  The following source citation should be used when citing this dataset: John S. Adams, William C. Block, Mark Lindberg, Robert McMaster, Steven Ruggles, and Wendy Thomas, National Historical Geographic Information System: Pre-release Version 0.1, Minneapolis: Minnesota Population Center, University of Minnesota, 2004.  No fee may be charged for use or distribution. Publications and research reports based on the database must cite it appropriately. Users are requested to send a copy of any publications, research reports, or educational material making use of the data or documentation. Printed matter should be sent to:  NHGIS  Minnesota Population Center University of Minnesota 50 Willey Hall 225 19th Avenue South Minneapolis, MN 55455</useconst>    <ptcontac>      <cntinfo>        <cntperp>          <cntper>Petra Noble</cntper>          <cntorg>Minnesota Population Center</cntorg>        </cntperp>        <cntpos>Research Fellow</cntpos>        <cntaddr>          <addrtype>physical address</addrtype>          <address>50 Willey Hall</address>          <address>225 19th Avenue South</address>          <city>Minneapolis</city>          <state>Minnesota</state>          <postal>55455</postal>          <country>USA</country>        </cntaddr>        <cntvoice>612-625-7375</cntvoice>        <cntemail>nhgis@pop.umn.edu</cntemail>      </cntinfo>    </ptcontac>    <datacred>National Science Foundation Grant No. BCS0094908</datacred>    <native>Microsoft Windows XP Version 5.1 (Build 2600) Service Pack 3; ESRI ArcCatalog 9.3.1.3500</native>  </idinfo>  <dataqual>    <attracc>      <attraccr>All county codes were checked against codes in the available aggregate data to ensure accuracy and consistency. The boundary file may contain more or fewer counties than the aggregate data file. Sources for the boundary files sometimes depicted counties that contained no population; thus, they have no record in the aggregate data file.  Sometimes, the aggregate data files contain records for county equivalents that are not mappable (e.g., military forts).  Also, the boundary file sometimes contains an "unattached" county. This section of the state was not counted by the U.S. Census Bureau, but it has been included in order to depict the correct state/territory outline.</attraccr>    </attracc>    <logic>All spatial data have been reviewed to assure topological consistency and completeness. All polygons close and do not overlap. No voids exist within polygons. ArcGIS topology features classes were used to identify and fix topological errors (e.g., overlaps, voids, missing polygons) in the county boundary datasets. The ArcGIS topology rules used to ensure logical consistency were 'Must not overlap' and 'Must be covered by'.</logic>    <complete>Version 1.0 of the county boundary files contains counties and county equivalents.  Most counties, although not all, have a matching record in the aggregate data files.  Counties without a matching record were denoted on source materials as having "no population".  We still made those counties because we had a geographic representation of it.  Additionally, some records in the aggregate data files could not be mapped because they represent point features (e.g., military forts) - NHGIS boundary files are only composed of polygon features. Version 1.0 boundary files have not been generalized, and counties containing parts of the following bodies of water do not have historically accurate coastlines: the Great Lakes, Atlantic Ocean, Pacific Ocean, and the Gulf of Mexico.  No counties overlap, no voids exist within counties, and any polygon belongs to one and only one county. Every county has a FIPS-like code (GISJOIN) that uniquely identifies it.  The aggregate data contains a matching code (GISJOIN) so that the files can be easily joined together.</complete>    <posacc>      <horizpa>        <horizpar>The horizontal positional accuracy of the source data (U.S. Census Bureau TIGER/Line 2000 files) can be found at  http://www.census.gov/geo/www/tlmetadata/tl2kmeta.txt. To create historic county boundaries, we used existing TIGER lines whereever possible. When no TIGER line existed, we digitized new linework from scanned and rectified Thorndale and Dollarhide (1987) maps for John H. Long (various) maps. These historic county boundaries do not represent legal boundaries and should only be used for thematic mapping and statistical analysis.</horizpar>      </horizpa>    </posacc>    <lineage>      <srcinfo>        <srccite>          <citeinfo>            <origin>Thorndale, William</origin>            <origin>Dollarhide, William</origin>            <pubdate>1987</pubdate>            <title>Map Guide to the U.S. Federal Censuses, 1790-1920</title>            <geoform>map</geoform>            <pubinfo>              <pubplace>Baltimore, MD</pubplace>              <publish>Genealogical Publishing Co., Inc.</publish>            </pubinfo>          </citeinfo>        </srccite>        <srcscale>various</srcscale>        <typesrc>paper</typesrc>        <srccitea>Thorndale and Dollarhide 1987</srccitea>        <srccontr>Depicts county boundaries used in 1790-1920 census</srccontr>      </srcinfo>      <srcinfo>        <srccite>          <citeinfo>            <origin>Forstall, Richard L.</origin>            <pubdate>1966</pubdate>            <title>Population of States and Counties of the United States: 1790 to 1990</title>            <pubinfo>              <pubplace>Washington, DC</pubplace>              <publish>U.S. Department of Commerce, Bureau of the Census, Population Division</publish>            </pubinfo>          </citeinfo>        </srccite>        <typesrc>paper</typesrc>        <srccitea>Forstall 1996</srccitea>        <srccontr>Lists population for each county enumerated</srccontr>      </srcinfo>      <srcinfo>        <srccite>          <citeinfo>            <origin>U.S. Census Bureau</origin>            <pubdate>2001</pubdate>            <title>Census 2000 TIGER/Line files [machine-readable data file]</title>            <geoform>vector digital file</geoform>            <pubinfo>              <pubplace>Washington, DC</pubplace>              <publish>U.S. Department of Commerce, Bureau of the Census, Geography Division</publish>            </pubinfo>            <onlink>http://www.census.gov/geo/www/tiger/index.html</onlink>          </citeinfo>        </srccite>        <srcscale>100000</srcscale>        <typesrc>online</typesrc>        <srccitea>U.S. Census Bureau 2001b</srccitea>        <srccontr>Base linework for the historic counties</srccontr>      </srcinfo>      <srcinfo>        <srccite>          <citeinfo>            <origin>Adams, John S.</origin>            <origin>Block, William C.</origin>            <origin>Lindberg, Mark</origin>            <origin>McMaster, Robert Brainerd</origin>            <origin>Ruggles, Steven</origin>            <origin>Thomas, Wendy</origin>            <pubdate>2004</pubdate>            <title>National Historical Geographic Information System: Pre-release Version 0.1</title>            <geoform>vector digital file</geoform>            <pubinfo>              <pubplace>Minneapolis, MN</pubplace>              <publish>Minnesota Population Center, University of Minnesota</publish>            </pubinfo>            <onlink>http://www.nhgis.org</onlink>          </citeinfo>        </srccite>        <srcscale>100000</srcscale>        <typesrc>online</typesrc>        <srccitea>Adams, et al. 2004</srccitea>      </srcinfo>      <srcinfo>        <srccite>          <citeinfo>            <origin>Sinko, Peggy Tuck (comp.)</origin>            <origin>Rico, Laura (comp.)</origin>            <origin>Long, John Hamilton (ed.)</origin>            <pubdate>2004</pubdate>            <title>Wyoming Historical Counties</title>            <geoform>map</geoform>            <pubinfo>              <pubplace>Chicago</pubplace>              <publish>The Newberry Library</publish>            </pubinfo>            <onlink>http://www.newberry.org/ahcbp/ie/index.html</onlink>          </citeinfo>        </srccite>        <srcscale>various</srcscale>        <typesrc>online</typesrc>        <srccitea>Sinko, Rico and Long 2004e</srccitea>      </srcinfo>      <srcinfo>        <srccite>          <citeinfo>            <origin>DenBoer, Gordon,1933- (comp.)</origin>            <origin>Long, John Hamilton (ed.)</origin>            <pubdate>1995</pubdate>            <title>Atlas of Historical County Boundaries: Kentucky</title>            <geoform>map</geoform>            <pubinfo>              <pubplace>New York</pubplace>              <publish>Charles Scribner's Sons</publish>            </pubinfo>          </citeinfo>        </srccite>        <srcscale>various</srcscale>        <typesrc>paper</typesrc>        <srccitea>DenBoer and Long 1995</srccitea>      </srcinfo>      <srcinfo>        <srccite>          <citeinfo>            <origin>DenBoer, Gordon,1933- (comp.)</origin>            <origin>Long, John Hamilton (ed.)</origin>            <pubdate>2000</pubdate>            <title>Atlas of Historical County Boundaries: Minnesota</title>            <geoform>map</geoform>            <pubinfo>              <pubplace>New York</pubplace>              <publish>Charles Scribner's Sons</publish>            </pubinfo>          </citeinfo>        </srccite>        <srcscale>various</srcscale>        <typesrc>paper</typesrc>        <srccitea>DenBoer and Long 2000</srccitea>      </srcinfo>      <srcinfo>        <srccite>          <citeinfo>            <origin>DenBoer, Gordon,1933- (comp.)</origin>            <origin>Long, John Hamilton (ed.)</origin>            <pubdate>1998</pubdate>            <title>Atlas of Historical County Boundaries: North Carolina</title>            <geoform>map</geoform>            <pubinfo>              <pubplace>New York</pubplace>              <publish>Charles Scribner's Sons</publish>            </pubinfo>          </citeinfo>        </srccite>        <srcscale>various</srcscale>        <typesrc>paper</typesrc>        <srccitea>DenBoer and Long 1998b</srccitea>      </srcinfo>      <srcinfo>        <srccite>          <citeinfo>            <origin>DenBoer, Gordon,1933- (comp.)</origin>            <origin>Long, John Hamilton (ed.)</origin>            <pubdate>1996</pubdate>            <title>Atlas of Historical County Boundaries: Pennsylvania</title>            <geoform>map</geoform>            <pubinfo>              <pubplace>New York</pubplace>              <publish>Charles Scribner's Sons</publish>            </pubinfo>          </citeinfo>        </srccite>        <srcscale>various</srcscale>        <typesrc>paper</typesrc>        <srccitea>DenBoer and Long 1996</srccitea>      </srcinfo>      <srcinfo>        <srccite>          <citeinfo>            <origin>DenBoer, Gordon,1933- (comp.)</origin>            <origin>Long, John Hamilton (ed.)</origin>            <pubdate>1997</pubdate>            <title>Atlas of Historical County Boundaries: Wisconsin</title>            <geoform>map</geoform>            <pubinfo>              <pubplace>New York</pubplace>              <publish>Charles Scribner's Sons</publish>            </pubinfo>          </citeinfo>        </srccite>        <srcscale>various</srcscale>        <typesrc>paper</typesrc>        <srccitea>DenBoer and Long 1997b</srccitea>      </srcinfo>      <srcinfo>        <srccite>          <citeinfo>            <origin>DenBoer, Gordon,1933- (comp.)</origin>            <origin>Long, John Hamilton (comp.)</origin>            <origin>Long, John Hamilton (ed.)</origin>            <pubdate>1994</pubdate>            <title>Atlas of Historical County Boundaries: Connecticut, Maine, Massachusette, Rhode Island</title>            <geoform>map</geoform>            <pubinfo>              <pubplace>New York</pubplace>              <publish>Simon and Schuster</publish>            </pubinfo>          </citeinfo>        </srccite>        <srcscale>various</srcscale>        <typesrc>paper</typesrc>        <srccitea>DenBoer, Long and Long 1994</srccitea>      </srcinfo>      <srcinfo>        <srccite>          <citeinfo>            <origin>DenBoer, Gordon,1933- (comp.)</origin>            <origin>Thorne, Kathryn Ford (comp.)</origin>            <origin>Long, John Hamilton (ed.)</origin>            <pubdate>1993</pubdate>            <title>Atlas of Historical County Boundaries: South Carolina</title>            <geoform>map</geoform>            <pubinfo>              <pubplace>New York</pubplace>              <publish>Simon and Schuster</publish>            </pubinfo>          </citeinfo>        </srccite>        <srcscale>various</srcscale>        <typesrc>paper</typesrc>        <srccitea>DenBoer, Thorne, and Long 1993</srccitea>      </srcinfo>      <srcinfo>        <srccite>          <citeinfo>            <origin>DenBoer, Gordon,1933- (comp.)</origin>            <origin>Goodridge, George E.</origin>            <origin>Long, John Hamilton (ed.)</origin>            <pubdate>1993</pubdate>            <title>Atlas of Historical County Boundaries: New Hampshire, Vermont</title>            <edition>map</edition>            <pubinfo>              <pubplace>New York</pubplace>              <publish>Simon and Schuster</publish>            </pubinfo>          </citeinfo>        </srccite>        <srcscale>various</srcscale>        <typesrc>paper</typesrc>        <srccitea>DenBoer, Goodridge Jr., and Long 1993</srccitea>      </srcinfo>      <srcinfo>        <srccite>          <citeinfo>            <origin>Long, John Hamilton (comp. and ed.)</origin>            <pubdate>1996</pubdate>            <title>Atlas of Historical Boundaries: Delaware, Maryland, District of Columbia</title>            <geoform>map</geoform>            <pubinfo>              <pubplace>New York</pubplace>              <publish>Charles Scribner's Sons</publish>            </pubinfo>          </citeinfo>        </srccite>        <srcscale>various</srcscale>        <typesrc>paper</typesrc>        <srccitea>Long 1996</srccitea>      </srcinfo>      <srcinfo>        <srccite>          <citeinfo>            <origin>Sinko, Peggy Tuck (comp.)</origin>            <origin>Long, John Hamilton (ed.)</origin>            <pubdate>1996</pubdate>            <title>Atlas of Historical County Boundaries: Alabama</title>            <geoform>map</geoform>            <pubinfo>              <pubplace>New York</pubplace>              <publish>Charles Scribner's Sons</publish>            </pubinfo>          </citeinfo>        </srccite>        <srcscale>various</srcscale>        <typesrc>paper</typesrc>        <srccitea>Sinko and Long 1996a</srccitea>      </srcinfo>      <srcinfo>        <srccite>          <citeinfo>            <origin>Sinko, Peggy Tuck (comp.)</origin>            <origin>Long, John Hamilton (ed.)</origin>            <pubdate>1996</pubdate>            <title>Atlas of Historical County Boundaries: Indiana</title>            <geoform>map</geoform>            <pubinfo>              <pubplace>New York</pubplace>              <publish>Charles Scribner's Sons</publish>            </pubinfo>          </citeinfo>        </srccite>        <srcscale>various</srcscale>        <typesrc>paper</typesrc>        <srccitea>Sinko and Long 1996b</srccitea>      </srcinfo>      <srcinfo>        <srccite>          <citeinfo>            <origin>Sinko, Peggy Tuck (comp.)</origin>            <origin>Long, John Hamilton (ed.)</origin>            <pubdate>1997</pubdate>            <title>Atlas of Historical County Boundaries: Michigan</title>            <geoform>map</geoform>            <pubinfo>              <pubplace>New York</pubplace>              <publish>Charles Scribner's Sons</publish>            </pubinfo>          </citeinfo>        </srccite>        <srcscale>various</srcscale>        <typesrc>paper</typesrc>        <srccitea>Sinko and Long 1997</srccitea>      </srcinfo>      <srcinfo>        <srccite>          <citeinfo>            <origin>Sinko, Peggy Tuck (comp.)</origin>            <origin>Long, John Hamilton (ed.)</origin>            <pubdate>1993</pubdate>            <title>Atlas of Historical County Boundaries: Mississippi</title>            <geoform>map</geoform>            <pubinfo>              <pubplace>New York</pubplace>              <publish>Simon and Schuster</publish>            </pubinfo>          </citeinfo>        </srccite>        <srcscale>various</srcscale>        <typesrc>paper</typesrc>        <srccitea>Sinko and Long 1993</srccitea>      </srcinfo>      <srcinfo>        <srccite>          <citeinfo>            <origin>Sinko, Peggy Tuck (comp.)</origin>            <origin>Long, John Hamilton (ed.)</origin>            <pubdate>1998</pubdate>            <title>Atlas of Historical County Boundaries: Ohio</title>            <geoform>map</geoform>            <pubinfo>              <pubplace>New York</pubplace>              <publish>Charles Scribner's Sons</publish>            </pubinfo>          </citeinfo>        </srccite>        <srcscale>various</srcscale>        <typesrc>paper</typesrc>        <srccitea>Sinko and Long 1998</srccitea>      </srcinfo>      <srcinfo>        <srccite>          <citeinfo>            <origin>Sinko, Peggy Tuck (comp.)</origin>            <origin>Long, John Hamilton (ed.)</origin>            <pubdate>2000</pubdate>            <title>Atlas of Historical County Boundaries: Tennessee</title>            <geoform>map</geoform>            <pubinfo>              <pubplace>New York</pubplace>              <publish>Charles Scribner's Sons</publish>            </pubinfo>          </citeinfo>        </srccite>        <srcscale>various</srcscale>        <typesrc>paper</typesrc>        <srccitea>Sinko and Long 2000</srccitea>      </srcinfo>      <srcinfo>        <srccite>          <citeinfo>            <origin>Sinko, Peggy Tuck (comp.)</origin>            <origin>Thorne, Kathryn Ford (comp.)</origin>            <origin>Long, John Hamilton (ed.)</origin>            <pubdate>1997</pubdate>            <title>Atlas of Historical County Boundaries: Florida</title>            <geoform>map</geoform>            <pubinfo>              <pubplace>New York</pubplace>              <publish>Charles Scribner's Sons</publish>            </pubinfo>          </citeinfo>        </srccite>        <srcscale>various</srcscale>        <typesrc>paper</typesrc>        <srccitea>Sinko, Thorne and Long 1997</srccitea>      </srcinfo>      <srcinfo>        <srccite>          <citeinfo>            <origin>Thorne, Kathryn Ford (comp.)</origin>            <origin>Long, John Hamilton (ed.)</origin>            <pubdate>1993</pubdate>            <title>Atlas of Historical County Boundaries: New York</title>            <geoform>map</geoform>            <pubinfo>              <pubplace>New York</pubplace>              <publish>Simon and Schuster</publish>            </pubinfo>          </citeinfo>        </srccite>        <srcscale>various</srcscale>        <typesrc>paper</typesrc>        <srccitea>Thorne and Long 1993</srccitea>      </srcinfo>      <srcinfo>        <srccite>          <citeinfo>            <origin>DenBoer, Gordon,1933- (comp.)</origin>            <origin>Long, John Hamilton (ed.)</origin>            <pubdate>1997</pubdate>            <title>Atlas of Historical County Boundaries: Illinois</title>            <geoform>map</geoform>            <pubinfo>              <pubplace>New York</pubplace>              <publish>Charles Scribner's Sons</publish>            </pubinfo>          </citeinfo>        </srccite>        <srcscale>various</srcscale>        <typesrc>paper</typesrc>        <srccitea>DenBoer and Long 1997a</srccitea>      </srcinfo>      <srcinfo>        <srccite>          <citeinfo>            <origin>DenBoer, Gordon,1933- (comp.)</origin>            <origin>Long, John Hamilton (ed.)</origin>            <pubdate>1998</pubdate>            <title>Atlas of Historical County Boundaries: Iowa</title>            <geoform>map</geoform>            <pubinfo>              <pubplace>New York</pubplace>              <publish>Charles Scribner's Sons</publish>            </pubinfo>          </citeinfo>        </srccite>        <srcscale>various</srcscale>        <typesrc>paper</typesrc>        <srccitea>DenBoer and Long 1998a</srccitea>      </srcinfo>      <srcinfo>        <srccite>          <citeinfo>            <origin>Sinko, Peggy Tuck (comp.)</origin>            <origin>Rico, Laura (comp.)</origin>            <origin>Long, John Hamilton (ed.)</origin>            <pubdate>2004</pubdate>            <title>Virginia Historical Counties</title>            <geoform>map</geoform>            <pubinfo>              <pubplace>Chicago</pubplace>              <publish>The Newberry Library</publish>            </pubinfo>            <onlink>http://www.newberry.org/ahcbp/ie/index.html</onlink>          </citeinfo>        </srccite>        <srcscale>various</srcscale>        <typesrc>online</typesrc>        <srccitea>Sinko, Rico and Long 2004b</srccitea>      </srcinfo>      <srcinfo>        <srccite>          <citeinfo>            <origin>Sinko, Peggy Tuck (comp.)</origin>            <origin>Rico, Laura (comp.)</origin>            <origin>Long, John Hamilton (ed.)</origin>            <pubdate>2004</pubdate>            <title>Montana Historical Counties</title>            <geoform>map</geoform>            <pubinfo>              <pubplace>Chicago</pubplace>              <publish>The Newberry Library</publish>            </pubinfo>            <onlink>http://www.newberry.org/ahcbp/ie/index.html</onlink>          </citeinfo>        </srccite>        <srcscale>various</srcscale>        <typesrc>online</typesrc>        <srccitea>Sinko, Rico and Long 2004d</srccitea>      </srcinfo>      <srcinfo>        <srccite>          <citeinfo>            <origin>Sinko, Peggy Tuck (comp.)</origin>            <origin>Rico, Laura (comp.)</origin>            <origin>Long, John Hamilton (ed.)</origin>            <pubdate>2004</pubdate>            <title>West Virginia Historical Counties</title>            <geoform>map</geoform>            <pubinfo>              <pubplace>Chicago</pubplace>              <publish>The Newberry Library</publish>            </pubinfo>            <onlink>http://www.newberry.org/ahcbp/ie/index.html</onlink>          </citeinfo>        </srccite>        <srcscale>various</srcscale>        <typesrc>online</typesrc>        <srccitea>Sinko, Rico and Long 2004c</srccitea>      </srcinfo>      <srcinfo>        <srccite>          <citeinfo>            <origin>Nimmo, Sylvia</origin>            <pubdate>1978</pubdate>            <title>Maps Showing the County Boundaries of Nebraska, 1854-1925</title>            <geoform>map</geoform>            <pubinfo>              <pubplace>Papillion, NE</pubplace>              <publish>Sylvia Nimmo</publish>            </pubinfo>          </citeinfo>        </srccite>        <srcscale>various</srcscale>        <typesrc>paper</typesrc>        <srccitea>Nimmo 1978</srccitea>      </srcinfo>      <srcinfo>        <srccite>          <citeinfo>            <origin>Long, John Hamilton (ed.)</origin>            <origin>Hansen, Stephen L. (comp.)</origin>            <pubdate>1984</pubdate>            <title>Historical Atlas and Chronology of County Boundaries, 1788-1980, Volume 2: Illinois, Indiana, Ohio</title>            <geoform>map</geoform>            <pubinfo>              <pubplace>Boston</pubplace>              <publish>G.K. Hall &amp; Co.</publish>            </pubinfo>          </citeinfo>        </srccite>        <srcscale>various</srcscale>        <typesrc>paper</typesrc>        <srccitea>Long and Hansen 1984</srccitea>      </srcinfo>      <srcinfo>        <srccite>          <citeinfo>            <origin>Long, John Hamilton (ed.)</origin>            <origin>Learning, Hugo P. (comp.)</origin>            <pubdate>1984</pubdate>            <title>Historical Atlas and Chronology of County Boundaries, 1788-1980, Volume 3: Michigan, Wisconsin</title>            <geoform>map</geoform>            <pubinfo>              <pubplace>Boston</pubplace>              <publish>G.K. Hall &amp; Co.</publish>            </pubinfo>          </citeinfo>        </srccite>        <srcscale>various</srcscale>        <typesrc>paper</typesrc>        <srccitea>Long and Leaming 1984</srccitea>      </srcinfo>      <srcinfo>        <srccite>          <citeinfo>            <origin>Long, John Hamilton (ed.)</origin>            <origin>Donovan, Mark P. (comp.)</origin>            <origin>Siebert, Jeffrey D. (comp.)</origin>            <pubdate>1984</pubdate>            <title>Historical Atlas and Chronology of County Boundaries, 1788-1980, Volume 5: Minnesota, North Dakota, South Dakota</title>            <geoform>map</geoform>            <pubinfo>              <pubplace>Boston</pubplace>              <publish>G.K. Hall &amp; Co.</publish>            </pubinfo>          </citeinfo>        </srccite>        <srcscale>various</srcscale>        <typesrc>paper</typesrc>        <srccitea>Long, Donovan and Siebert 1984</srccitea>      </srcinfo>      <srcinfo>        <srccite>          <citeinfo>            <origin>U.S. Census Bureau</origin>            <pubdate>1932</pubdate>            <title>Fifteenth Census of the United States: 1930. Population. Volume III</title>            <geoform>map</geoform>            <pubinfo>              <pubplace>Washington, D.C.</pubplace>              <publish>U.S. Government Printing Office</publish>            </pubinfo>          </citeinfo>        </srccite>        <srcscale>various</srcscale>        <typesrc>paper</typesrc>        <srccitea>U.S. Census Bureau 1932</srccitea>      </srcinfo>      <srcinfo>        <srccite>          <citeinfo>            <origin>U.S. Census Bureau</origin>            <pubdate>1943</pubdate>            <title>Sixteenth Census of the United States: 1940. Population. Volume II</title>            <geoform>map</geoform>            <pubinfo>              <pubplace>Washington, D.C.</pubplace>              <publish>U.S. Government Printing Office</publish>            </pubinfo>          </citeinfo>        </srccite>        <srcscale>various</srcscale>        <typesrc>paper</typesrc>        <srccitea>U.S. Census Bureau 1943</srccitea>      </srcinfo>      <srcinfo>        <srccite>          <citeinfo>            <origin>U.S. Census Bureau</origin>            <pubdate>1952</pubdate>            <title>Census of Population: 1950. Volume II. Characteristics of the Population</title>            <geoform>map</geoform>            <pubinfo>              <pubplace>Washington, D.C.</pubplace>              <publish>U.S. Government Printing Office</publish>            </pubinfo>          </citeinfo>        </srccite>        <srcscale>various</srcscale>        <typesrc>paper</typesrc>        <srccitea>U.S. Census Bureau 1952c</srccitea>      </srcinfo>      <srcinfo>        <srccite>          <citeinfo>            <origin>U.S. Census Bureau</origin>            <pubdate>1963</pubdate>            <title>Census of Population: 1960. Volume I. Characteristics of the Population</title>            <geoform>map</geoform>            <pubinfo>              <pubplace>Washington, D.C.</pubplace>              <publish>U.S. Government Printing Office</publish>            </pubinfo>          </citeinfo>        </srccite>        <srcscale>various</srcscale>        <typesrc>paper</typesrc>        <srccitea>U.S. Census Bureau 1963</srccitea>      </srcinfo>      <srcinfo>        <srccite>          <citeinfo>            <origin>U.S. Census Bureau</origin>            <pubdate>1973</pubdate>            <title>Census of Population: 1970. Volume I, Characteristics of the Population</title>            <geoform>map</geoform>            <pubinfo>              <pubplace>Washington, D.C.</pubplace>              <publish>U.S. Government Printing Office</publish>            </pubinfo>          </citeinfo>        </srccite>        <srcscale>various</srcscale>        <typesrc>paper</typesrc>        <srccitea>U.S. Census Bureau 1973</srccitea>      </srcinfo>      <srcinfo>        <srccite>          <citeinfo>            <origin>U.S. Census Bureau</origin>            <pubdate>1981</pubdate>            <title>1980 Census of Population: Volume I, Characteristics of the Population</title>            <geoform>map</geoform>            <pubinfo>              <pubplace>Washington, D.C.</pubplace>              <publish>U.S. Government Printing Office</publish>            </pubinfo>          </citeinfo>        </srccite>        <srcscale>various</srcscale>        <typesrc>paper</typesrc>        <srccitea>U.S. Census Bureau 1981</srccitea>      </srcinfo>      <srcinfo>        <srccite>          <citeinfo>            <origin>Long, John Hamilton (comp. and ed.)</origin>            <origin>Hast, Adele (comp.)</origin>            <pubdate>1984</pubdate>            <title>Historical Atlas and Chronology of County Boundaries, 1788-1980, Volume 4: Iowa, Missouri</title>            <geoform>map</geoform>            <pubinfo>              <pubplace>Boston</pubplace>              <publish>G.K. Hall &amp; Co.</publish>            </pubinfo>          </citeinfo>        </srccite>        <srcscale>various</srcscale>        <typesrc>paper</typesrc>        <srccitea>Long and Hast 1984</srccitea>      </srcinfo>      <srcinfo>        <srccite>          <citeinfo>            <origin>Long, John Hamilton (comp. and ed.)</origin>            <pubdate>1984</pubdate>            <title>Historical Atlas and Chronology of County Boundaries, 1788-1980, Volume 1: Delaware, Maryland, New Jersey, Pennsylvania</title>            <geoform>map</geoform>            <pubinfo>              <pubplace>Boston</pubplace>              <publish>G.K. Hall &amp; Co.</publish>            </pubinfo>          </citeinfo>        </srccite>        <srcscale>various</srcscale>        <typesrc>paper</typesrc>        <srccitea>Long 1984</srccitea>      </srcinfo>      <srcinfo>        <srccite>          <citeinfo>            <origin>Haines, Michael</origin>            <pubdate>2001</pubdate>            <title>Historical Demographic, Economic and Social Data: The United States, 1790-1970</title>            <pubinfo>              <pubplace>Ann Arbor, MI</pubplace>              <publish>Inter-University Consortium for Political and Social Research</publish>            </pubinfo>          </citeinfo>        </srccite>        <srccitea>Haines 2001</srccitea>      </srcinfo>      <procstep>        <procdesc>These process steps describe, in general, the procedures used to construct the NHGIS' historical county boundaries. The production procedures vary depending on the available source materials. The base counties were derived from the U.S. Census Bureau's Census 2000 TIGER/Line files. Many historical boundaries were derived from linear features also available in the TIGER/Line files. Those boundaries not available in digital form were digitized from scanned, geo-referenced maps.</procdesc>        <procdate>Unknown</procdate>        <proccont>          <cntinfo>            <cntperp>              <cntper>Petra Noble</cntper>              <cntorg>Minnesota Population Center</cntorg>            </cntperp>            <cntpos>Research Fellow</cntpos>            <cntaddr>              <addrtype>physical address</addrtype>              <address>50 Willey Hall</address>              <address>225 19th Avenue South</address>              <city>Minneapolis</city>              <state>Minnesota</state>              <postal>55455</postal>              <country>USA</country>            </cntaddr>            <cntvoice>612-625-7375</cntvoice>            <cntemail>nhgis@pop.umn.edu</cntemail>          </cntinfo>        </proccont>      </procstep>      <procstep>        <procdesc>Using a custom AML, generated a statewide polygon coverage containing a union of 1990 and 2000 counties from the statewide census tract coverage. The projection, units, and datum for this coverage were geographic (latitude/longitude), decimal degrees, and NAD 83.</procdesc>        <procdate>Unknown</procdate>        <proccont>          <cntinfo>            <cntperp>              <cntper>Petra Noble</cntper>              <cntorg>Minnesota Population Center</cntorg>            </cntperp>            <cntpos>Research Fellow</cntpos>            <cntaddr>              <addrtype>physical address</addrtype>              <address>50 Willey Hall</address>              <address>225 19th Avenue South</address>              <city>Minneapolis</city>              <state>Minnesota</state>              <postal>55455</postal>              <country>USA</country>            </cntaddr>            <cntvoice>612-625-7375</cntvoice>            <cntemail>nhgis@pop.umn.edu</cntemail>          </cntinfo>        </proccont>      </procstep>      <procstep>        <procdesc>Using a custom AML, generated a statewide coverage containing two region subclasses. One subclass contained all linear hydrographic (water) features and the second contained all roads and non-visible boundaries. The projection, units, and datum for this coverage were geographic (latitude/longitude), decimal degrees, and NAD 83.</procdesc>        <procdate>Unknown</procdate>        <proccont>          <cntinfo>            <cntperp>              <cntper>Petra Noble</cntper>              <cntorg>Minnesota Population Center</cntorg>            </cntperp>            <cntpos>Research Fellow</cntpos>            <cntaddr>              <addrtype>physical address</addrtype>              <address>50 Willey Hall</address>              <address>225 19th Avenue South</address>              <city>Minneapolis</city>              <state>Minnesota</state>              <postal>55455</postal>              <country>USA</country>            </cntaddr>            <cntvoice>612-625-7375</cntvoice>            <cntemail>nhgis@pop.umn.edu</cntemail>          </cntinfo>        </proccont>      </procstep>      <procstep>        <procdesc>Using ArcCatalog 9.0, created feature datasets for each state in an ArcSDE database. The projection, unit, and datum of the feature datasets were geographic (latitude/longitude), decimal degrees, and NAD 83. The feature dataset's geographic extent was derived from an existing feature dataset containing all the state's census tracts.</procdesc>        <procdate>Unknown</procdate>        <proccont>          <cntinfo>            <cntperp>              <cntper>Petra Noble</cntper>              <cntorg>Minnesota Population Center</cntorg>            </cntperp>            <cntpos>Research Fellow</cntpos>            <cntaddr>              <addrtype>physical address</addrtype>              <address>50 Willey Hall</address>              <address>225 19th Avenue South</address>              <city>Minneapolis</city>              <state>Minnesota</state>              <postal>55455</postal>              <country>USA</country>            </cntaddr>            <cntvoice>612-625-7375</cntvoice>            <cntemail>nhgis@pop.umn.edu</cntemail>          </cntinfo>        </proccont>      </procstep>      <procstep>        <procdesc>Imported the county polygon coverage, the hydrographic lines, and the streets into the ArcSDE feature dataset as feature classes. ArcCatalog 9.0's import function was used.</procdesc>        <procdate>Unknown</procdate>        <proccont>          <cntinfo>            <cntperp>              <cntper>Petra Noble</cntper>              <cntorg>Minnesota Population Center</cntorg>            </cntperp>            <cntpos>Research Fellow</cntpos>            <cntaddr>              <addrtype>physical address</addrtype>              <address>50 Willey Hall</address>              <address>225 19th Avenue South</address>              <city>Minneapolis</city>              <state>Minnesota</state>              <postal>55455</postal>              <country>USA</country>            </cntaddr>            <cntvoice>612-625-7375</cntvoice>            <cntemail>nhgis@pop.umn.edu</cntemail>          </cntinfo>        </proccont>      </procstep>      <procstep>        <procdesc>Registered every state's featured data as versioned so that NHGIS staff could edit the feature classes.</procdesc>        <procdate>Unknown</procdate>        <proccont>          <cntinfo>            <cntperp>              <cntper>Petra Noble</cntper>              <cntorg>Minnesota Population Center</cntorg>            </cntperp>            <cntpos>Research Fellow</cntpos>            <cntaddr>              <addrtype>physical address</addrtype>              <address>50 Willey Hall</address>              <address>225 19th Avenue South</address>              <city>Minneapolis</city>              <state>Minnesota</state>              <postal>55455</postal>              <country>USA</country>            </cntaddr>            <cntvoice>612-625-7375</cntvoice>            <cntemail>nhgis@pop.umn.edu</cntemail>          </cntinfo>        </proccont>      </procstep>      <procstep>        <procdesc>The county polygon features classes were edited in ArcMap to create the historical county boundaries. Edits were based on the sources available for a given state.  Long (various) and Thorndale and Dollarhide (1987) were the main sources for historical boundaries.  Books depicting or describing historical county boundaries existed for some states, and these were used when available. First, the counties, water, and roads were loaded into ArcMap. Second, map topology was created for the county polygon feature class. Third, the roads or water features representing a historical boundary were selected. Fourth, the polygon or polygons that required editing were selected. Finally, the Construct Features option of the ArcMap topology toolbar was used to split the selected polygon(s) with the selected roads and/or water.  If a historical county boundary followed a feature not in the roads or water feature classes, the feature was digitized into the proper feature class.</procdesc>        <srcused>Thorndale and Dollarhide 1987</srcused>        <srcused>U.S. Census Bureau 2000</srcused>        <srcused>various John H. Long volumes</srcused>        <procdate>Unknown</procdate>        <proccont>          <cntinfo>            <cntperp>              <cntper>Petra Noble</cntper>              <cntorg>Minnesota Population Center</cntorg>            </cntperp>            <cntpos>Research Fellow</cntpos>            <cntaddr>              <addrtype>physical address</addrtype>              <address>50 Willey Hall</address>              <address>225 19th Avenue South</address>              <city>Minneapolis</city>              <state>Minnesota</state>              <postal>55455</postal>              <country>USA</country>            </cntaddr>            <cntvoice>612-625-7375</cntvoice>            <cntemail>nhgis@pop.umn.edu</cntemail>          </cntinfo>        </proccont>      </procstep>      <procstep>        <procdesc>After all edits were complete, the state features datasets were copied from one ArcSDE instance to a second ArcSDE instance.</procdesc>        <procdate>Unknown</procdate>        <proccont>          <cntinfo>            <cntperp>              <cntper>Petra Noble</cntper>              <cntorg>Minnesota Population Center</cntorg>            </cntperp>            <cntpos>Research Fellow</cntpos>            <cntaddr>              <addrtype>physical address</addrtype>              <address>50 Willey Hall</address>              <address>225 19th Avenue South</address>              <city>Minneapolis</city>              <state>Minnesota</state>              <postal>55455</postal>              <country>USA</country>            </cntaddr>            <cntvoice>612-625-7375</cntvoice>            <cntemail>nhgis@pop.umn.edu</cntemail>          </cntinfo>        </proccont>      </procstep>      <procstep>        <procdesc>A topology features class was created for each state. The county polygon feature class was the only feature class participating in the topology. The topology rules were "Must not overlap" and "Must not have gaps." ArcCatalog's Create New Topology was used.</procdesc>        <procdate>Unknown</procdate>        <proccont>          <cntinfo>            <cntperp>              <cntper>Petra Noble</cntper>              <cntorg>Minnesota Population Center</cntorg>            </cntperp>            <cntpos>Research Fellow</cntpos>            <cntaddr>              <addrtype>physical address</addrtype>              <address>50 Willey Hall</address>              <address>225 19th Avenue South</address>              <city>Minneapolis</city>              <state>Minnesota</state>              <postal>55455</postal>              <country>USA</country>            </cntaddr>            <cntvoice>612-625-7375</cntvoice>            <cntemail>nhgis@pop.umn.edu</cntemail>          </cntinfo>        </proccont>      </procstep>      <procstep>        <procdesc>The topology feature class was used to find gaps and overlaps in the county polygon feature class. ArcMap's editing tools were then used to fix the errors.</procdesc>        <procdate>Unknown</procdate>        <proccont>          <cntinfo>            <cntperp>              <cntper>Petra Noble</cntper>              <cntorg>Minnesota Population Center</cntorg>            </cntperp>            <cntpos>Research Fellow</cntpos>            <cntaddr>              <addrtype>physical address</addrtype>              <address>50 Willey Hall</address>              <address>225 19th Avenue South</address>              <city>Minneapolis</city>              <state>Minnesota</state>              <postal>55455</postal>              <country>USA</country>            </cntaddr>            <cntvoice>612-625-7375</cntvoice>            <cntemail>nhgis@pop.umn.edu</cntemail>          </cntinfo>        </proccont>      </procstep>      <procstep>        <procdesc>A unique ID was then assigned to every polygon in a county polygon feature class. The ID was a concatenation of the state FIPS code and the polygon OID.  Using the state FIPS code in the ID guaranteed that every polygon had a unique ID, even when appended together to make the entire country.</procdesc>        <procdate>Unknown</procdate>        <proccont>          <cntinfo>            <cntperp>              <cntper>Petra Noble</cntper>              <cntorg>Minnesota Population Center</cntorg>            </cntperp>            <cntpos>Research Fellow</cntpos>            <cntaddr>              <addrtype>physical address</addrtype>              <address>50 Willey Hall</address>              <address>225 19th Avenue South</address>              <city>Minneapolis</city>              <state>Minnesota</state>              <postal>55455</postal>              <country>USA</country>            </cntaddr>            <cntvoice>612-625-7375</cntvoice>            <cntemail>nhgis@pop.umn.edu</cntemail>          </cntinfo>        </proccont>      </procstep>      <procstep>        <procdesc>Using historical census data acquired from Michael Haines, a database table was created for every state and territory in Microsoft Excel. The table contained a COUNTYSHAPE_ID for every census in which a county had data tabulated for it. The COUNTYSHAPE_ID was a concatenation of the county FIPS code and the census decade. The database table was saved as a comma-delimited file and imported into the ArcSDE database using a custom VBA script.</procdesc>        <srcused>Haines 2001</srcused>        <procdate>Unknown</procdate>        <proccont>          <cntinfo>            <cntperp>              <cntper>Petra Noble</cntper>              <cntorg>Minnesota Population Center</cntorg>            </cntperp>            <cntpos>Research Fellow</cntpos>            <cntaddr>              <addrtype>physical address</addrtype>              <address>50 Willey Hall</address>              <address>225 19th Avenue South</address>              <city>Minneapolis</city>              <state>Minnesota</state>              <postal>55455</postal>              <country>USA</country>            </cntaddr>            <cntvoice>612-625-7375</cntvoice>            <cntemail>nhgis@pop.umn.edu</cntemail>          </cntinfo>        </proccont>      </procstep>      <procstep>        <procdesc>Using a custom VBA script in ArcMap, a many-to-many relationship was established between county polygons and the database table containing the COUNTYSHAPE_ID. The polygons comprising a historical county were selected and "associated" to a row in the database table.</procdesc>        <procdate>Unknown</procdate>        <proccont>          <cntinfo>            <cntperp>              <cntper>Petra Noble</cntper>              <cntorg>Minnesota Population Center</cntorg>            </cntperp>            <cntpos>Research Fellow</cntpos>            <cntaddr>              <addrtype>physical address</addrtype>              <address>50 Willey Hall</address>              <address>225 19th Avenue South</address>              <city>Minneapolis</city>              <state>Minnesota</state>              <postal>55455</postal>              <country>USA</country>            </cntaddr>            <cntvoice>612-625-7375</cntvoice>            <cntemail>nhgis@pop.umn.edu</cntemail>          </cntinfo>        </proccont>      </procstep>      <procstep>        <procdesc>After finishing the many-to-many relationships for the COUNTYSHAPE_IDs for a state or territory, a custom Python script was run to generate the counties for every census. Topology rules were established to detect holes and overlaps in a census' counties. The topology feature class was used to locate holes and overlaps. Custom ArcMap VBA tools were used to fix the "associations" between a county and the polygons comprising the county.  Individual polygons were deleted or added to an "association" in order to fix the topology error.  This step was repeated until all the topology errors in a state were eliminated.</procdesc>        <procdate>Unknown</procdate>        <proccont>          <cntinfo>            <cntperp>              <cntper>Petra Noble</cntper>              <cntorg>Minnesota Population Center</cntorg>            </cntperp>            <cntpos>Research Fellow</cntpos>            <cntaddr>              <addrtype>physical address</addrtype>              <address>50 Willey Hall</address>              <address>225 19th Avenue South</address>              <city>Minneapolis</city>              <state>Minnesota</state>              <postal>55455</postal>              <country>USA</country>            </cntaddr>            <cntvoice>612-625-7375</cntvoice>            <cntemail>nhgis@pop.umn.edu</cntemail>          </cntinfo>        </proccont>      </procstep>      <procstep>        <procdesc>Checked the accuracy of historical county boundaries by comparing them to maps in Thorndale and Dollarhide (1987) or various John H. Long volumes.</procdesc>        <srcused>Thorndale and Dollarhide 1987</srcused>        <srcused>various John H. Long volumes</srcused>        <procdate>Unknown</procdate>        <proccont>          <cntinfo>            <cntperp>              <cntper>Petra Noble</cntper>              <cntorg>Minnesota Population Center</cntorg>            </cntperp>            <cntpos>Research Fellow</cntpos>            <cntaddr>              <addrtype>physical address</addrtype>              <address>50 Willey Hall</address>              <address>225 19th Avenue South</address>              <city>Minneapolis</city>              <state>Minnesota</state>              <postal>55455</postal>              <country>USA</country>            </cntaddr>            <cntvoice>612-625-7375</cntvoice>            <cntemail>nhgis@pop.umn.edu</cntemail>          </cntinfo>        </proccont>      </procstep>      <procstep>        <procdesc>Projected each state feature dataset to USA Contiguous Albers Equal Area Conic projection, in meters and NAD83.  Alaska was projected to the Alaska Albers Equal Area Conic projection, and Hawaii was projected to the Hawaii Albers Equal Area Conic projection.</procdesc>        <procdate>Unknown</procdate>        <proccont>          <cntinfo>            <cntperp>              <cntper>Petra Noble</cntper>              <cntorg>Minnesota Population Center</cntorg>            </cntperp>            <cntpos>Research Fellow</cntpos>            <cntaddr>              <addrtype>physical address</addrtype>              <address>50 Willey Hall</address>              <address>225 19th Avenue South</address>              <city>Minneapolis</city>              <state>Minnesota</state>              <postal>55455</postal>              <country>USA</country>            </cntaddr>            <cntvoice>612-625-7375</cntvoice>            <cntemail>nhgis@pop.umn.edu</cntemail>          </cntinfo>        </proccont>      </procstep>      <procstep>        <procdesc>Used the Integrate function (with a 2.0 meter cluster tolerance) in ArcCatalog to snap the state polygon feature classes to the state boundaries contained in a nationwide feature class. We did the Integrate so that we could append all states together to make a seamless nationwide feature class containing all counties.</procdesc>        <procdate>Unknown</procdate>        <proccont>          <cntinfo>            <cntperp>              <cntper>Petra Noble</cntper>              <cntorg>Minnesota Population Center</cntorg>            </cntperp>            <cntpos>Research Fellow</cntpos>            <cntaddr>              <addrtype>physical address</addrtype>              <address>50 Willey Hall</address>              <address>225 19th Avenue South</address>              <city>Minneapolis</city>              <state>Minnesota</state>              <postal>55455</postal>              <country>USA</country>            </cntaddr>            <cntvoice>612-625-7375</cntvoice>            <cntemail>nhgis@pop.umn.edu</cntemail>          </cntinfo>        </proccont>      </procstep>      <procstep>        <procdesc>Using a custom Python script, extracted counties for each decade from the contiguous 48 states.</procdesc>        <procdate>Unknown</procdate>        <proccont>          <cntinfo>            <cntperp>              <cntper>Petra Noble</cntper>              <cntorg>Minnesota Population Center</cntorg>            </cntperp>            <cntpos>Research Fellow</cntpos>            <cntaddr>              <addrtype>physical address</addrtype>              <address>50 Willey Hall</address>              <address>225 19th Avenue South</address>              <city>Minneapolis</city>              <state>Minnesota</state>              <postal>55455</postal>              <country>USA</country>            </cntaddr>            <cntvoice>612-625-7375</cntvoice>            <cntemail>nhgis@pop.umn.edu</cntemail>          </cntinfo>        </proccont>      </procstep>      <procstep>        <procdesc>Starting in 1790, we appended all extracted counties together to make a nationwide feature class, one for each decade (1790-2000).  We also created a topology feature class with the Must Not Overlap and Must Not Have Gaps rules to check for errors introduced by the append. Any errors were corrected and then this step was repeated.</procdesc>        <procdate>Unknown</procdate>        <proccont>          <cntinfo>            <cntperp>              <cntper>Petra Noble</cntper>              <cntorg>Minnesota Population Center</cntorg>            </cntperp>            <cntpos>Research Fellow</cntpos>            <cntaddr>              <addrtype>physical address</addrtype>              <address>50 Willey Hall</address>              <address>225 19th Avenue South</address>              <city>Minneapolis</city>              <state>Minnesota</state>              <postal>55455</postal>              <country>USA</country>            </cntaddr>            <cntvoice>612-625-7375</cntvoice>            <cntemail>nhgis@pop.umn.edu</cntemail>          </cntinfo>        </proccont>      </procstep>      <procstep>        <procdesc>For each decade, we joined the attributes from Haines 2001 to the corresponding nationwide county feature class. This will provide users with the state and county codes and county names in the Haines 2001 data along with the state and county codes and county names developed for the NHGIS.</procdesc>        <procdate>Unknown</procdate>        <proccont>          <cntinfo>            <cntperp>              <cntper>Petra Noble</cntper>              <cntorg>Minnesota Population Center</cntorg>            </cntperp>            <cntpos>Research Fellow</cntpos>            <cntaddr>              <addrtype>physical address</addrtype>              <address>50 Willey Hall</address>              <address>225 19th Avenue South</address>              <city>Minneapolis</city>              <state>Minnesota</state>              <postal>55455</postal>              <country>USA</country>            </cntaddr>            <cntvoice>612-625-7375</cntvoice>            <cntemail>nhgis@pop.umn.edu</cntemail>          </cntinfo>        </proccont>      </procstep>      <procstep>        <procdesc>Attached FGDC-compliant metadata to every nationwide feature class and converted the feature classes to shapefiles for distribution on the NHGIS data access site.</procdesc>        <procdate>Unknown</procdate>        <proccont>          <cntinfo>            <cntperp>              <cntper>Petra Noble</cntper>              <cntorg>Minnesota Population Center</cntorg>            </cntperp>            <cntpos>Research Fellow</cntpos>            <cntaddr>              <addrtype>physical address</addrtype>              <address>50 Willey Hall</address>              <address>225 19th Avenue South</address>              <city>Minneapolis</city>              <state>Minnesota</state>              <postal>55455</postal>              <country>USA</country>            </cntaddr>            <cntvoice>612-625-7375</cntvoice>            <cntemail>nhgis@pop.umn.edu</cntemail>          </cntinfo>        </proccont>      </procstep>      <procstep>        <procdesc>Historic U.S. county boundary shapefiles and [separate] total population (cPop) data tables were downloaded from the NHGIS web site (https://www.nhgis.org/) for each decade, 1790-2000.  Using ArcGIS 10, total population data from each decade was joined to its respective county boundary shapefile using the "GISJOIN" attribute value.  The following attributes were added to the shapefile attribute table:  POP_TOTAL, COMPOSITE_, and AREA_SQM. The joined data was then exported in ArcMap and saved as a new shapefile.</procdesc>        <srcused>NHGIS shapefile</srcused>        <procdate>201204</procdate>        <srcprod>CGA shapefile</srcprod>        <proccont>          <cntinfo>            <cntorgp>              <cntorg>Center for Geographic Analysis</cntorg>            </cntorgp>            <cntaddr>              <addrtype>mailing and physical address</addrtype>              <address>Harvard University</address>              <address>CGIS K-00A</address>              <address>CGIS Knafel Building</address>              <address>1737 Cambridge St.</address>              <city>Cambridge</city>              <state>MA</state>              <postal>02138</postal>              <country>USA</country>            </cntaddr>            <cntemail>contact@help.cga.harvard.edu</cntemail>          </cntinfo>        </proccont>      </procstep>      <procstep>        <procdesc>ArcCatalog 9.3.1 was utilized to import the shapefile into an ArcSDE 9.1 database using the "Feature Class to Feature Class" import tool.</procdesc>        <srcused>CGA shapefile</srcused>        <procdate>201204</procdate>        <srcprod>SDE</srcprod>        <proccont>          <cntinfo>            <cntorgp>              <cntorg>Harvard Geospatial Library</cntorg>            </cntorgp>            <cntpos>GIS Technician</cntpos>            <cntaddr>              <addrtype>mailing and physical address</addrtype>              <address>Harvard University Library</address>              <address>Office for Information Systems</address>              <address>90 Mount Auburn Street</address>              <city>Cambridge</city>              <state>MA</state>              <postal>02138</postal>              <country>USA</country>            </cntaddr>            <cntvoice>617-495-2417</cntvoice>            <cntfax>617-496-0440</cntfax>            <cntemail>hgl_ref@hulmail.harvard.edu</cntemail>            <hours>Monday - Friday, 9:00 am - 4:00 pm EST-USA</hours>          </cntinfo>        </proccont>      </procstep>      <procstep>        <procdesc>The original NHGIS county boundaries shapefile metadata was edited to account for the joining of population data tables. In addition the metadata title, abstract, and keywords were edited.</procdesc>        <srcused>CGA shapefile</srcused>        <procdate>201204</procdate>        <srcprod>SDE</srcprod>        <proccont>          <cntinfo>            <cntorgp>              <cntorg>Harvard Geospatial Library</cntorg>            </cntorgp>            <cntpos>Geospatial Resources Cataloger</cntpos>            <cntaddr>              <addrtype>mailing and physical address</addrtype>              <address>Harvard University Library</address>              <address>Office For Information Systems</address>              <address>90 Mount Auburn Street</address>              <city>Cambridge</city>              <state>MA</state>              <postal>02138</postal>              <country>USA</country>            </cntaddr>            <cntvoice>617-495-2417</cntvoice>            <cntfax>617-496-0440</cntfax>            <cntemail>hgl_ref@hulmail.harvard.edu</cntemail>            <hours>Monday - Friday, 9:00 am - 4:00 pm EST-USA</hours>          </cntinfo>        </proccont>      </procstep>    </lineage>  </dataqual>  <spdoinfo>    <direct>Vector</direct>    <ptvctinf>      <sdtsterm>        <sdtstype>G-polygon</sdtstype>        <ptvctcnt>2848</ptvctcnt>      </sdtsterm>    </ptvctinf>  </spdoinfo>  <spref>    <horizsys>      <planar>        <mapproj>          <mapprojn>Albers Conical Equal Area</mapprojn>          <albers>            <stdparll>20.000000</stdparll>            <stdparll>60.000000</stdparll>            <longcm>-96.000000</longcm>            <latprjo>40.000000</latprjo>            <feast>0.000000</feast>            <fnorth>0.000000</fnorth>          </albers>        </mapproj>        <planci>          <plance>coordinate pair</plance>          <coordrep>            <absres>0.000100</absres>            <ordres>0.000100</ordres>          </coordrep>          <plandu>meters</plandu>        </planci>      </planar>      <geodetic>        <horizdn>North American Datum of 1983</horizdn>        <ellips>Geodetic Reference System 80</ellips>        <semiaxis>6378137.000000</semiaxis>        <denflat>298.257222</denflat>      </geodetic>    </horizsys>  </spref>  <eainfo>    <detailed>      <enttyp>        <enttypl>NHGIS_POP1900</enttypl>        <enttypd>Historic County Boundaries and Total Population, United States, 1900</enttypd>        <enttypds>CGA</enttypds>      </enttyp>      <attr>        <attrlabl>OBJECTID_1</attrlabl>        <attrdef>Internal feature number.</attrdef>        <attrdefs>ESRI</attrdefs>        <attrdomv>          <udom>Sequential unique whole numbers that are automatically generated.</udom>        </attrdomv>      </attr>      <attr>        <attrlabl>OBJECTID</attrlabl>        <attrdef>Internal feature number.</attrdef>        <attrdefs>ESRI</attrdefs>        <attrdomv>          <udom>Sequential unique whole numbers that are automatically generated.</udom>        </attrdomv>      </attr>      <attr>        <attrlabl>DECADE</attrlabl>        <attrdef>Census decade</attrdef>        <attrdefs>NHGIS</attrdefs>      </attr>      <attr>        <attrlabl>NHGISNAM</attrlabl>        <attrdef>NHGIS county name</attrdef>        <attrdefs>NHGIS</attrdefs>        <attrdomv>          <udom>Text.</udom>        </attrdomv>      </attr>      <attr>        <attrlabl>NHGISST</attrlabl>        <attrdef>NHGIS state code</attrdef>        <attrdefs>NHGIS</attrdefs>      </attr>      <attr>        <attrlabl>NHGISCTY</attrlabl>        <attrdef>NHGIS county code</attrdef>        <attrdefs>NHGIS</attrdefs>      </attr>      <attr>        <attrlabl>ICPSRST</attrlabl>        <attrdef>ICPSR state code</attrdef>        <attrdefs>Historical, Demographic, Economic, and Social Data: The United States, 1790-2000 (Haines 2001)</attrdefs>      </attr>      <attr>        <attrlabl>ICPSRCTY</attrlabl>        <attrdef>ICPSR county code</attrdef>        <attrdefs>Historical, Demographic, Economic, and Social Data: The United States, 1790-2000 (Haines 2004)</attrdefs>      </attr>      <attr>        <attrlabl>ICPSRNAM</attrlabl>        <attrdef>ICPSR county name</attrdef>        <attrdefs>Historical, Demographic, Economic, and Social Data: The United States, 1790-2000 (Haines 2004)</attrdefs>        <attrdomv>          <udom>Text.</udom>        </attrdomv>      </attr>      <attr>        <attrlabl>STATENAM</attrlabl>        <attrdef>State or territory name</attrdef>        <attrdefs>NHGIS</attrdefs>        <attrdomv>          <udom>Text.</udom>        </attrdomv>      </attr>      <attr>        <attrlabl>ICPSRSTI</attrlabl>        <attrdef>ICPSR state code</attrdef>        <attrdefs>Historical, Demographic, Economic, and Social Data: The United States, 1790-2000 (Haines 2001)</attrdefs>      </attr>      <attr>        <attrlabl>ICPSRCTYI</attrlabl>        <attrdef>ICPSR county code</attrdef>        <attrdefs>Historical, Demographic, Economic, and Social Data: The United States, 1790-2000 (Haines 2004)</attrdefs>      </attr>      <attr>        <attrlabl>ICPSRFIP</attrlabl>        <attrdef>ICPSR FIPS code</attrdef>        <attrdefs>None</attrdefs>      </attr>      <attr>        <attrlabl>GISJOIN</attrlabl>        <attrdef>Attribute used to join GIS data to aggregate data tables</attrdef>        <attrdefs>NHGIS</attrdefs>      </attr>      <attr>        <attrlabl>GISJOIN2</attrlabl>        <attrdef>Alternate attribute used to join GIS data to aggregate data tables</attrdef>        <attrdefs>NHGIS</attrdefs>      </attr>      <attr>        <attrlabl>AREA_SQM</attrlabl>        <attrdef>shape area in square meters - use this field to calculate population density in the future as the other shape area fields may be distorted due to data projections</attrdef>        <attrdefs>Harvard CGA</attrdefs>      </attr>      <attr>        <attrlabl>STATE</attrlabl>        <attrdef>State code</attrdef>        <attrdefs>NHGIS</attrdefs>      </attr>      <attr>        <attrlabl>COUNTY</attrlabl>        <attrdef>County code</attrdef>        <attrdefs>NHGIS</attrdefs>      </attr>      <attr>        <attrlabl>PID</attrlabl>        <attrdef>Internal feature number.</attrdef>        <attrdefs>ESRI</attrdefs>        <attrdomv>          <udom>Sequential unique whole numbers that are automatically generated.</udom>        </attrdomv>      </attr>      <attr>        <attrlabl>X_CENTROID</attrlabl>      </attr>      <attr>        <attrlabl>Y_CENTROID</attrlabl>      </attr>      <attr>        <attrlabl>SHAPE_LENG</attrlabl>        <attrdef>Perimeter of a county, in meters</attrdef>        <attrdefs>ESRI</attrdefs>      </attr>      <attr>        <attrlabl>COMPOSITE_</attrlabl>        <attrdef>New ID field created from "Date + GISJOIN" concatenation</attrdef>        <attrdefs>Harvard CGA</attrdefs>      </attr>      <attr>        <attrlabl>POP_TOTAL</attrlabl>        <attrdef>Total population</attrdef>        <attrdefs>NHGIS</attrdefs>      </attr>      <attr>        <attrlabl>SHAPE</attrlabl>        <attrdef>Feature geometry.</attrdef>        <attrdefs>ESRI</attrdefs>        <attrdomv>          <udom>Coordinates defining the features.</udom>        </attrdomv>      </attr>      <attr>        <attrlabl>SHAPE.AREA</attrlabl>        <attrdef>Area of feature in square coverage units</attrdef>        <attrdefs>ESRI</attrdefs>      </attr>      <attr>        <attrlabl>SHAPE.LEN</attrlabl>        <attrdef>Length of arc in coverage units</attrdef>        <attrdefs>ESRI</attrdefs>      </attr>    </detailed>    <overview>      <eaover>This dataset is a shapefile containing polygon features. The features depict historic county boundaries for the United States.</eaover>    </overview>  </eainfo>  <distinfo>    <distrib>      <cntinfo>        <cntorgp>          <cntorg>Harvard Geospatial Library</cntorg>        </cntorgp>        <cntaddr>          <addrtype>mailing and physical address</addrtype>          <address>Harvard University Library</address>          <address>Office For Information Systems</address>          <address>90 Mount Auburn Street</address>          <city>Cambridge</city>          <state>MA</state>          <postal>02138</postal>          <country>USA</country>        </cntaddr>        <cntvoice>617-495-2417</cntvoice>        <cntfax>617-496-0440</cntfax>        <cntemail>hgl_ref@hulmail.harvard.edu</cntemail>        <hours>Monday - Friday, 9:00 am - 4:00 pm EST-USA</hours>      </cntinfo>    </distrib>    <resdesc>Downloadable Data</resdesc>    <distliab>Although this data is being distributed by Harvard University, no warranty expressed or implied is made by the University as to the accuracy of the data and related materials. The act of distribution shall not constitute any such warranty, and no responsibility is assumed by the University in the use of this data, or related materials.</distliab>    <stdorder>      <digform>        <digtinfo>          <formname>Shapefile</formname>          <filedec>ZIP</filedec>        </digtinfo>        <digtopt>          <onlinopt>            <computer>              <networka>                <networkr>http://hgl.harvard.edu/</networkr>              </networka>            </computer>          </onlinopt>        </digtopt>      </digform>      <fees>None</fees>      <ordering>Web-based distribution only</ordering>    </stdorder>  </distinfo>  <metainfo>    <metd>20120430</metd>    <metc>      <cntinfo>        <cntorgp>          <cntorg>Harvard Geospatial Library</cntorg>        </cntorgp>        <cntpos>Geospatial Resources Cataloger</cntpos>        <cntaddr>          <addrtype>mailing and physical address</addrtype>          <address>Harvard University Library</address>          <address>Office For Information Systems</address>          <address>90 Mount Auburn Street</address>          <city>Cambridge</city>          <state>MA</state>          <postal>02138</postal>          <country>USA</country>        </cntaddr>        <cntvoice>617-495-2417</cntvoice>        <cntfax>617-496-0440</cntfax>        <cntemail>hgl_ref@hulmail.harvard.edu</cntemail>        <hours>Monday - Friday, 9:00 am - 4:00 pm EST-USA</hours>      </cntinfo>    </metc>    <metstdn>FGDC Content Standards for Digital Geospatial Metadata</metstdn>    <metstdv>FGDC-STD-001-1998</metstdv>    <mettc>local time</mettc>  </metainfo></metadata>